{
  "id": 5095,
  "pip_name": "pip3",
  "artist_name": "app",
  "device": [1080,2246],
  "device_ratio": 2.75,
  "ratio": [
    1.0,
    1.0
  ],
  "width": 612,
  "height": 612,
  "frame": "frame.png",
  "icon": "pip1t.jpg",
  "mask": [
    {
      "url": "mask2.png",
      "left": 0,
      "top": 40,
      "width": 212,
      "height": 224,
      "blur": 10,
      "bgColor": "#052A4F"
    },{
      "url": "mask1.png",
      "left": 108,
      "top": 108,
      "width": 173,
      "height": 173,
      "blur": 0,
      "bgColor": "#052A4F"
    }
  ],
  "watermark": {
    "enable": true,
    "useDefault": false,
    "watermarkUrl": "watermark.png",
    "left": 285,
    "top": 373,
    "width": 99,
    "height": 10
  },
  "background": {
    "useImage": false,
    "imageUrl": "background.jpeg",
    "blur": 0,
    "useColor": false,
    "colorCode": "#FF5733"
  }
}