{
  "id": 5095,
  "pip_name": "frame1",
  "artist_name": "app",
  "device": [1080,2246],
  "device_ratio": 2.75,
  "ratio": [
    1.0,
    1.0
  ],
  "width": 612,
  "height": 440,
  "frame": "frame.png",
  "icon": "pip1t.jpg",
  "mask": [
    {
      "url": "mask4.png",
      "left": 202,
      "top": 80,
      "width": 158,
      "height": 197,
      "blur": 0,
      "bgColor": "#ffffff"
    },{
      "url": "mask3.png",
      "left": 33,
      "top": 117,
      "width": 158,
      "height": 197,
      "blur": 0,
      "bgColor": "#ffffff"
    },{
      "url": "mask2.png",
      "left": 33,
      "top": 80,
      "width": 195,
      "height": 110,
      "blur": 0,
      "bgColor": "#ffffff"
    },{
      "url": "mask1.png",
      "left": 164,
      "top": 204,
      "width": 195,
      "height": 110,
      "blur": 0,
      "bgColor": "#ffffff"
    },
    {
      "url": "mask5.png",
      "left": 125,
      "top": 125,
      "width": 144,
      "height": 144,
      "blur": 0,
      "setImage": false,
      "bgColor": "#ffffff"
    }
  ],
  "watermark": {
    "enable": true,
    "useDefault": false,
    "watermarkUrl": "watermark.png",
    "left": 285,
    "top": 373,
    "width": 99,
    "height": 10
  },
  "background": {
    "useImage": true,
    "imageUrl": "bg.jpg",
    "blur": 0,
    "useColor": false,
    "colorCode": "#FF5733"
  }
}